Datum,Begriffe,Modell,Prompt
2024-10-28 22:05:57,"swirl, water, portrait, makeup, eyeliner, messy hair,",phi3.5:3.8b,"Swirling brush strokes of watercolors create waves in an artist' extruded eyeshadow palette on canvas while portraying expressive lips and lashes with layered mascara. The background is a mesmerizing blend of aquatic hues, complemented by the individuals messy hairstyle as they gaze into the distance contemplatively."
2024-10-28 22:12:22,"stairs, clouds, heaven, portrait,",llama3.2:3b,"A serene figure stands on a staircase that floats among fluffy white clouds, set against a brilliant blue sky backdrop, as if being gazed upon by a divine presence."
2024-10-28 22:12:40,"stairs, clouds, heaven, portrait,",phi3.5:3.8b,"Stairs ascending into an ethereal skyline of swirling clouds above in a serene landscape leading to what appears as celestial portraits beyond. The composition invites contemplation on the connection between earth and heavens within this peaceful scene. Capture it with depth, detailing individual strands of light-filled clouds against backlit staircase steps ascending into heaven in a portrait style photograph or artwork."
2024-10-28 22:12:58,"stairs, clouds, heaven, portrait,",llama3.2:3b,"A serene and dreamy staircase leads up to a cloudy sky, reminiscent of heavenly paradise, blending into a beautiful old-world style portrait of an angelic figure."
2024-10-28 22:13:11,"stairs, clouds, heaven, portrait,",llama3.2:3b,"A lone figure stands on the stairs of a staircase made entirely of cloud formations that morph into celestial bodies reminiscent of ancient heavenly architecture, their face turned upwards in a contemplative gaze as if gazing directly at the heavens."
2024-10-28 22:13:26,"stairs, clouds, heaven, portrait,",phi3.5:3.8b,An ethereal figure ascending ancient stairways beneath billowing cloudscapes in an impressionistic skyward journey towards paradise. Portrait capture of transcendence and celestial wonderment at play with vibrant colors blurring into divine forms.
2024-10-28 22:14:08,"stairs, clouds, heaven, portrait,",phi3.5:3.8b,"A silhouetted figure ascending misty staircase towards swirling cloudscapes in an idyllic sky, captured as if through divine lens of portrayal. Portrait encapsulating the ethereal journey from earth to heavens within a single frame."
2024-10-28 22:14:37,"stairs, clouds, heaven, portrait, vibrant colorful",phi3.5:3.8b,"Staircase ascending into skyward realms amid billowing cloudscapes; eclectic array of hues painting an ethereal human figure caught in climactic pose against the backdrop of a divine canvas. Vivid and lively colors merge, as if heaven itself was captured on brushstrokes within this portrait scene with clouds embraced by ascending steps leading upwards into splendor."
2024-10-29 21:17:16,"gothic, mist, vampire, cementery,",llama3.2:3b,"A lone figure in a long, black coat stands atop a crumbling headstone in a mist-shrouded cemetery at dusk, with the faint silhouette of a vampire visible in the distance."
2024-10-29 21:20:05,"gothic, mist, vampire, cementery, stormy night,",phi3.5:3.8b,"Gothic castle shrouded in mist overlooking an eerie graveyard during a tumultuous thunderstROMNY at night. Vampire figures silhouetted against the flickering lightning and looming tombs under tempest conditions. Artistic interpretation of darkness, supernatural mystery, and foreboding atmosphere converging in one chilling scene."
2024-10-29 21:30:29,"gothic, mist, vampire, cementery, stormy night,",llama3.2:3b,"A gothic cemetery is shrouded in a thick, eerie mist on a stormy night, with old tombstones weathered by time and a lone figure of a vampire stands atop a gravestone."
2024-10-29 21:37:27,"dramatic, makeup, retoucher pratik naik, photographer Christian Schiller, mandrake, roses,",llama3.2:1b,Capture dramatic makeup and retouching against a backdrop of mandrake roots and red roses in a dimly lit studio setting
2024-10-29 21:38:49,"dramatic, makeup, retoucher pratik naik, photographer Christian Schiller, mandrake, roses,",llama3.2:3b,"A dramatic portrait of Pratik Naik, surrounded by lush greenery featuring roses and a single, mysterious mandrake plant, shot in an elegant style reminiscent of photographer Christian Schuller's work."
2024-10-29 21:40:59,"dramatic, makeup, retoucher pratik naik, photographer Christian Schiller, mandrake, roses, embrace",llama3.2:3b,"A dramatic makeup artist Pratik Naik is retouching the portrait of a model posing in front of a lush arrangement of red roses and a mysterious, ancient-looking mandrake plant, as modeled by actress Emilia Clarke, photographed by renowned photographer Christian Schiller."
2024-10-29 21:45:13,"retoucher Julia Kuzmenko McKim, creativly hairstyling, high-beauty,",llama3.2:1b,"sketch a young woman with long black hair styled in a sleek updo with loose strands framing her face, accentuating her bright green eyes, and a subtle shimmer effect to give the illusion of highlights."
2024-10-29 21:47:57,"retoucher Julia Kuzmenko McKim, creativly hairstyling, high-beauty, frost, steampunk style,",llama3.2:3b,"A futuristic woman with frosty, steampunk-inspired beauty makeup and intricate hairstyles sits amidst a backdrop of gears and clockwork mechanisms."
2024-10-29 21:53:40,"retoucher Julia Kuzmenko McKim, creativly hairstyling, high-beauty, frost, steampunk style, cold colors,",llama3.2:3b,"A female retoucher with a steampunk aesthetic is seen in a studio setting with a frosted window background, surrounded by makeup brushes and hair styling tools, wearing a fitted white coat with brass buttons and intricate gears embroidered on it."
2024-10-30 07:16:43,"portrait, big boobs, baroque, dress",phi3.5:3.8b,"Portrait of an elegant woman in a Baroque-style elaborate gown featuring voluminous cleavage. Detailed embroidery accentuates her silhouette and ornate jewelry complements the opulence. Shadows add depth to the image, enhancing drama inherent to both fashion era and breast exposure in a tasteful manner"
2024-10-30 14:35:43,"frost, portrait, colorful makeup, womman,",llama3.2:1b,a woman in a frosty winter environment poses with vibrant colorful makeup on her face.
2024-10-30 16:36:24,"frost, portrait, colorful makeup, woman, white hair, curly,",llama3.2:1b,scrape off the frost from her face then paint on a rainbow of colors soft brushstrokes blending to create depth her eyes sparkle with mischief the icy surface of her skin gives way to warmth beneath a sprinkle of glitter on her cheekbone adds a touch of magic
2024-10-30 16:37:15,"frost, portrait, colorful makeup, woman, white hair, curly,",llama3.2:3b,"A young woman in her mid-twenties with short, curly white hair and vibrant frost-covered cheeks, is surrounded by colorful, swirling makeup designs on a cold winter morning."
2024-10-30 16:42:06,"Harlequin, horror, scream, ugly, monastery,",llama3.2:1b,"a figure stands in front of an old, decrepit monastery surrounded by dark woods their reflection stares back from the windowpanes of a nearby tower a faint scream echoes through the trees as the figure raises its arms to the sky and lets out a blood-curdling howl"
2024-10-30 16:43:31,"Harlequin, horror, scream, ugly, monastery,",llama3.2:1b,"A young woman runs through a dark and musty old monastery, her eyes scanning the shadows for something. She trips over a hidden root and falls hard onto the stone floor. As she struggles to get up, a massive shadow looms behind her. The air is heavy with the scent of decay and rot."
2024-10-30 16:45:05,"Harlequin, horror, scream, ugly, monastery,",llama3.2:3b,"A decrepit harlequin figure cowers in terror as it screams from within a crumbling monastery, its once-colorful suit now tattered and stained with blood."
2024-10-30 17:38:02,"Harlequin, horror, scream, ugly, monastery,",llama3.2:3b,"A decrepit, gothic-style monastery stands atop a hill, its facade twisted with vines and overgrown with moss, as a figure in a tattered harlequin costume screams in terror amidst the crumbling stones."
2024-10-30 20:41:42,"gothic, makeup, dramatic, portrait, photography by Christian Schuller,",llama3.2:1b,"has the model's face been painted with dark eyeshadow, bold red lipstick, and heavy mascara in order to achieve a gothic look for the photo shoot"
2024-10-30 20:42:07,"gothic, makeup, dramatic, portrait, photography by Christian Schuller,",llama3.2:1b,a young woman sits in front of a dimly lit backdrop with dark shadows cast across her face as she applies bold red lipstick and heavy black eyeliner to create a dramatic look. her dark hair is styled in an intricate updo adorned with delicate gold accents.
2024-10-30 20:42:26,"gothic, makeup, dramatic, portrait, photography by Christian Schuller,",llama3.2:3b,"A gothic-inspired woman sits in front of a dimly lit backdrop with heavy drapes and ornate furniture, her eyes cast downward as she gazes at her own reflection in an old mirror, surrounded by makeup and props."
2024-10-30 20:42:46,"gothic, makeup, dramatic, portrait, photography by Christian Schuller,",llama3.2:3b,"Create an image of a gothic-inspired woman with dramatic eye makeup in front of a dimly lit, ornate backdrop, styled as if photographed by Christian Schuller."
2024-10-30 22:55:26,"forest, timber house, river, waterfall,",llama3.2:3b,"A serene forest landscape features a quaint timber house situated on the banks of a winding river, with a majestic waterfall cascading down into the water in the background."
2024-10-30 22:55:53,"forest, timber house, river, waterfall,",llama3.2:1b,capture the exterior of a wooden timber house nestled among the trees near a rushing river as a misty waterfall cascades down its sides.
2024-10-30 22:56:37,"forest, timber house, river, waterfall,",llama3.2:1b,"scenic forest clearing surrounded by towering trees and a wooden structure in the foreground next to a river and a large waterfall, fantasy"
2024-10-31 10:11:13,"gothic, woman, scream,",llama3.2:3b,"A figure of a young woman stands alone in a dimly lit, fog-shrouded graveyard at night, her mouth open in a blood-curdling scream as a full moon casts an eerie glow over the crumbling headstones."
2024-10-31 21:32:41,"portrait, dramatic gothic makeup, long hair, gothic style,",llama3.2:3b,"A young woman sits in a dimly lit, ornate chair, her face adorned with dramatic gothic makeup, while her long black hair cascades down her back like a waterfall of night."
2024-11-01 21:58:35,"woman, gothic, dramatic makeup,",qwen2.5:3b,"a woman with gothic aesthetics, dramatic makeup, darkened eyes and lips, draped in Victorian-era clothing."
2024-11-01 22:00:35,"woman, gothic, dramatic makeup,",llama3.2:1b,"a woman stands in front of a dimly lit mirror, her face painted with intricate dark roses and black eyeliner that sweeps down her cheeks like a waterfall of night, her lips a deep crimson red as she gazes into the glass, her eyes burning with an inner fire as she applies a final coat of mascara to frame them like two starlings set ablaze"
2024-11-01 22:02:50,"woman, gothic, dramatic makeup,",phi3.5:3.8b,"Woman in deep crimson lipstick, heavy winged eyeliner sweeping into sharp fangs-like lips against storm clouds swirling beneath Gothic arches and candlelit chandeliers."
2024-11-01 22:03:28,"woman, gothic, dramatic makeup,",phi3.5:3.8b,"Woman adorned in dark cosmetics against starkly detailed Gothic backdrop. Elaborate eyeliner, heavy mascara forming sharp angles under her eyes to accentuate drama and intensity of a Victorian novel scene; final shot capturing the brooding ambiance perfectly through contrasting lighting techniques."
2024-11-01 22:03:42,"woman, gothic, dramatic makeup,",phi3.5:3.8b,"A woman stands in an ancient library. Gothic architecture surrounds her as she gazes intently into books piled high on wooden tables. Her face is adorned with striking and elaborate makeup complementing the drama of this scene - dark eyeshadows highlight sharp angles against pale skin, deep red lipstick accentuates a confident smile amid whispers about forbidden knowledge hidden within these hallowed walls. Period."
2024-11-01 22:03:57,"woman, gothic, dramatic makeup,",llama3.2:3b,A woman with long dark hair styled in loose waves sits on a ornate velvet couch surrounded by dimly lit candles and old bookshelves her face painted with heavy eyeliner and red lipstick her eyes cast downward revealing a small tattoo of a raven on her pale neck.
2024-11-01 22:04:08,"woman, gothic, dramatic makeup,",llama3.2:3b,"A woman sits in front of a dark mirror with intricate Gothic patterns surrounding her, her face painted with dramatic bold colors and striking features."
2024-11-01 22:11:45,"fantasy, tree house, lantern, mist, elven,",llama3.2:1b,a small elven tree house sits perched on the edge of a mist-shrouded forest clearing surrounded by towering trees their branches tangled together in a canopy of leaves and vines the lantern hanging from the tree house creaks gently in the wind its soft light flickering like a tiny flame as it casts shadows on the ground below
2024-11-01 22:11:56,"fantasy, tree house, lantern, mist, elven,",llama3.2:3b,"A mystical elven village is nestled high atop a towering tree, its intricate wooden structures illuminated by soft glow of lanterns hung from gnarled branches as morning mist wraps around the trunk."
2024-11-01 22:12:10,"fantasy, tree house, lantern, mist, elven,",llama3.2:3b,"A lone elven figure steps out of a glowing lantern, suspended high above the forest floor in a delicate web of glittering spider silk, as fog swirls around them like ethereal tendrils reaching for the radiant treehouse that seems to be made of living, breathing crystal."
2024-11-01 22:14:09,"gnome, elven, mountains, river, village, waterfall,",llama3.2:1b,a dark elven figure stands atop the edge of a mist-shrouded mountain peak overlooking a tranquil river that flows gently into a secluded village nestled behind a majestic waterfall.
2024-11-01 22:14:22,"gnome, elven, mountains, river, village, waterfall,",llama3.2:1b,a lone gnome stands atop a rugged mountain peak overlooking a serene river that winds its way through a lush forest before emptying into a breathtaking waterfall hidden within the trees behind the village of moonwhisper nestled in the heart of the forest.
2024-11-01 22:15:15,"gnome, elven, mountains, river, village, waterfall,",llama3.2:3b,A medieval fantasy scene depicts a group of gnomes sitting on wooden stools by the banks of a winding river surrounded by lush greenery and towering mountain peaks in the background while an elven archer stands atop a rocky outcropping overlooking a quaint village nestled at the foot of a cascading waterfall.
2024-11-09 08:32:45,"fantasy, mountains, old, oaks,",llama3.2:3b,A majestic ancient tree stands tall against a backdrop of snow-capped mountains in a mystical fantasy world.
2024-11-09 08:33:23,"fantasy, mountains, old, oaks,",llama3.2:3b,"A lone figure in tattered robes stands beneath the twisted roots of an ancient oak tree, its gnarled branches stretching up towards a range of mist-shrouded mountains that seem to be slowly being consumed by the very magic that once sustained them."
2024-11-09 08:35:03,"fantasy, mountains, old, oaks,",phi3.5:3.8b,"Enchanted ancient mountain peaks crowned by majestic age-old oak trees whispering secrets of forgotten lore. Dappled sunlight pierces through emerald canopies casting ethereal shadows belowa fantasy realm where nature'dictions shape the very fabric of reality, each leaf and branch holding ancient magic in their veins."
2024-11-09 08:35:52,"fantasy, mountains, old, oaks,",phi3.5:3.8b,"A majestic landscape of ancient mountain ranges shrouded in mist where gnarled old oak trees stand as silent sentinels. Their twisted branches reach towards an ethereal sky pierced by shards of sunlight breaking through the clouds above. Everywhere around is a tableau of fantasy, with mythical creatures peeking from behind rocks and lurking in shadowed nooks between boulders. The scene exudes timelessness enveloped within an ageless forest that seems untouched by modernity's rush."
2024-11-22 17:42:54,"Woman, village, flower",llama3.2:3b,"A woman stands in the middle of a small village surrounded by lush greenery and vibrant flowers, her back turned slightly towards the viewer as she gazes out at a tranquil scene."
2024-11-28 04:47:15,"Woman, village, flower, ink drawing, cracked effect, eerie",llama3.2:3b,"A woman stands alone in a deserted village surrounded by wilted flowers, her face illuminated only by a faint moonlight, rendered in intricate ink drawings with visible cracks that evoke an otherworldly, eerie atmosphere."
2024-11-28 04:59:27,"ink drawing, village, woman, eerie, cracked effect, portrait, double exposure,",llama3.2:3b,"A woman in an ancient village stands alone under a darkening sky, her face illuminated only by a single flickering candle, while behind her, an old stone well slowly reveals its own mysterious and long-forgotten stories through a series of layers and double exposures, with the lines of the ink drawing subtly crackling with age."
2024-11-28 05:01:26,"ink drawing, village, woman, eerie, cracked effect, portrait, double exposure,",phi3.5:3.8b,"Eerie ink sketch of an old lady'dicting her past life into one canvas while another ghostly image merges behind as if through cracks in realitydouble exposure at play. Village ambiance surrounding the figure intensifies suspenseful atmosphere with subtle details that blur boundaries between worlds, all rendered on a single sheet of paper creating an unsettling moment frozen in time."
2024-11-28 05:05:44,"ink drawing, village, eerie, cracked effect, portrait, double exposure,",phi3.5:3.8b,"Ink drawn villagers' faces on fractured backgrounds merge in an unsettling double-exposure artwork. Creatures of shadow and light dance across their expressions as they gaze into the abyss beyond, leaving viewers pondering a haunting narrative where reality blurs with illusion at twilight hour."
2024-11-29 18:42:05,"vibrant floral, vintage interior, old window, bouquet of flowers",llama3.2:3b,"A colorful bouquet of fresh wildflowers is placed in an old, ornate window that sits on a vintage dresser covered in intricate carvings and adorned with plush fabrics and velvet drapes."
2024-11-29 18:42:53,"vibrant floral, vintage interior, old window, bouquet of flowers",llama3.2:3b,"A delicate, porcelain doll sits on a dusty, velvet armchair in a faded, floral print sofa, surrounded by a tumble of antique books and a shattered music box that spews rose petals and misty dawn light through a stained glass window that lets in shafts of colorful morning sun."
2024-12-01 18:31:11,"Fireplace fire, rustic Interieur, wildflowers, Broken window glass,",qwen2.5:latest,"Fiery flames dancing in a rustic fireplace, warm light casting shadows on wildflowers peeking through a broken window, period."
2024-12-01 18:35:15,"Fireplace fire, rustic Interieur, wildflowers, Broken window glass,",phi3.5:3.8b,"Rustic interior scene surrounding an old stone fireplace blazing fiercely amidst scattered broken window glass; overgrown wildflowers peeking through cracks. Sunlight filters in creating a play of light and shadow on the walls. Charred logs hint at recent untamed nature, inviting coziness yet harboring danger - an intimate dance between warmth and abandonment captured instantly by camera lens."
2024-12-01 18:54:45,"Fireplace fire, rustic Interieur, wildflowers, Broken window glass,",llama3.2:3b,"A serene winter evening scene unfolds in a cozy, rustic cabin surrounded by snow-covered trees as a broken window glistens with dew, the crackling fireplace casts a warm golden glow on a mantle adorned with vintage wooden utensils and dried wildflowers, their delicate petals scattered around the hearth like nature's own confetti, while shards of broken glass sparkle at the windowpane like a fractured mosaic."
2024-12-01 19:07:16,"Fireplace fire, rustic interieur, christmas, gift's, rustic living room,",llama3.2:3b,"A warm and cozy Christmas Eve scene in a rustic living room, surrounded by a crackling fireplace, with a beautifully wrapped gift sitting on a nearby wooden bench, illuminated by soft candlelight."
2024-12-01 21:37:25,"Baroque Style, dreamlike Hyperdetailed grunge art fantasy illustration featuring an cyberpunk female android, hair from wires, white porcelain face, sci-fi, elegant, dreamy atmosphere, intricate, ornate, decorative, pastel colors, whimsical, embellished, figura serpentina, dynamic twisted poses, elaborately decorated, inspired by [Brian M Viveros, Esao Andrews] Exaggeration, Elongation, Emotional Expression, Unconventional, Dramatic Pose, Complex Arrangements, Distorted Proportions, Artificial Elegance, Expressive Figures, Twisted Forms, Virtuosity, Sophistication, Intense Emotions, unbalanced composition, dynamic and visually engaging composition",llama3.2:3b,"A cyberpunk female android with hair composed of tangled wires stands poised on a twisted, serpentine pedestal, her white porcelain face illuminated by a soft, ethereal glow, as she gazes upwards towards a glowing, crystalline orb suspended above her head, set amidst a dreamscape of distorted cityscapes and surreal, dreamlike architecture."
2024-12-01 21:40:58,"Baroque Style, dreamlike Hyperdetailed grunge art fantasy illustration featuring an cyberpunk female android, hair from wires, white porcelain face, sci-fi, elegant, dreamy atmosphere, intricate, ornate, decorative, pastel colors, whimsical, embellished, figura serpentina, dynamic twisted poses, elaborately decorated, inspired by [Brian M Viveros, Esao Andrews] Exaggeration, Elongation, Emotional Expression, Unconventional, Dramatic Pose, Complex Arrangements, Distorted Proportions, Artificial Elegance, Expressive Figures, Twisted Forms, Virtuosity, Sophistication, Intense Emotions, unbalanced composition, dynamic and visually engaging composition",llama3.2:3b,"Create a Baroque style illustration of a cyberpunk female android with a twisted figure serpentina pose, surrounded by ornate and decorative elements, featuring intricate details such as hair from wires and a white porcelain face, in a pastel color palette with dramatic lighting effects, inspired by the works of Brian M Viveros and Esao Andrews."
2024-12-01 22:12:23,"Baroque Style, dreamlike Hyperdetailed grunge art fantasy illustration featuring an cyberpunk female android, hair from wires, white porcelain face, sci-fi, elegant, dreamy atmosphere, intricate, ornate, decorative, pastel colors, whimsical, embellished, figura serpentina, dynamic twisted poses, elaborately decorated, inspired by [Brian M Viveros, Esao Andrews] Exaggeration, Elongation, Emotional Expression, Unconventional, Dramatic Pose, Complex Arrangements, Distorted Proportions, Artificial Elegance, Expressive Figures, Twisted Forms, Virtuosity, Sophistication, Intense Emotions, unbalanced composition, dynamic and visually engaging composition",qwen2.5:latest,"Baroque Style, dreamlike Hyperdetailed grunge art fantasy illustration featuring an cyberpunk female android with hair from wires, a white porcelain face, sci-fi elements, elegant and dreamy atmosphere, intricate and ornate decorations in pastel colors, whimsical and embellished figura serpentina pose, dynamic twisted forms, elaborately decorated, inspired by [Brian M Viveros, Esao Andrews] Exaggeration, Elongation, Emotional Expression, Unconventional, Dramatic Pose, Complex Arrangements, Distorted Proportions, Artificial Elegance, Expressive Figures, Twisted Forms, Virtuosity, Sophistication, Intense Emotions, unbalanced composition, dynamic and visually engaging period."
2024-12-05 19:40:10,"gothic, eerie, woman, long curly white hair,",phi3.5:3.8b,"Woman with long curly white hair standing before creepy antique furniture under moonlight filtering through dust-laden windows in a haunted Victorian manor setting, evoking an eerie atmosphere of gothic intrigue."
2024-12-05 19:55:00,"gothic, eerie, woman, long curly white hair,",phi3.5:3.8b,"A gothic figure stands in an ancient, dimly lit room, her eyes penetrating through the darkness. Her silhouette is accentuated by flickering candlelight reflecting off of strands that cascade down like spiderwebs from a long curly white hair ensemble to create an eerie atmosphere reminiscing Gothic fiction ambiance."
2024-12-05 20:00:24,"gothic, eerie, woman, long curly white hair,",mistral:latest,"A gothic, eerie figure of a woman with long curly white hair is depicted. Her attire should be dark and flowing, perhaps a cloak or gown that billows out behind her. The setting could include a moonlit cemetery or an old, abandoned castle. The woman's expression should convey a sense of melancholy or mystery, as she stands alone in the darkness."
2024-12-05 21:01:54,"gothic, eerie, woman, long curly white hair,",llama3.2:3b,"A haunting figure with long, curly white locks stands alone in a dimly lit, abandoned church, her eyes glowing with an otherworldly energy."
2024-12-05 21:02:37,"gothic, eerie, woman, long curly white hair,",phi3.5:3.8b,"Woman in gothic attire with undulating waves of long curly white hair casting an ominous shadow. The atmosphere exudes unease and foreboding as if time itself is holding its breath within this dim setting. Image A spectral figure standing alone on a dilapdict, moonlight filtering through the windows illuminating her silhouette in pure eerie shades of white against faded velvet drapes."
2024-12-05 21:02:58,"gothic, eerie, woman, long curly white hair,",phi3.5:3.8b,Woman in gothic attire with long flowing white curls under dim light casting ominous shadows. .
2024-12-05 21:04:10,"gothic, eerie, horror, monster, satan, woman, long curly white hair,",phi3.5:3.8b,A gothic femme fatale in an eerie setting features long curly white hair as her striking attribute while embracing a dark atmosphere of horror associated with Satan. Illustrate the scene vividly to convey tension and intrigue. Period.
2024-12-05 21:04:38,"gothic, eerie, horror, monster, satan, woman, long curly white hair,",llama3.2:3b,"A mysterious woman with long, curly white hair stands alone in a dark, dimly lit room surrounded by ancient tomes and candles, her face illuminated only by an otherworldly glow emanating from the walls behind her."
